Puigdemont comparecerá el 17 de noviembre ante el tribunal que decidirá sobre su entrega;http://www.elmundo.es/espana/2017/11/06/5a004ee6468aeb121c8b458d.html;06/11/2017;Nicolas Maeterlinck;EL MUNDO
Puigdemont denuncia en 'The Guardian' la "brutal ofensiva judicial";http://www.elmundo.es/espana/2017/11/06/5a008d07ca47418b658b45f0.html;06/11/2017;ALBERTO MUÑOZ;EL MUNDO
Junqueras alega que la cárcel vulnera su derecho a participar en las elecciones del 21-D;http://www.elmundo.es/espana/2017/11/06/5a00787ce2704ec54c8b4661.html;06/11/2017;EFE;EL MUNDO
Dante Fachin dimite como líder de Podem tras ser desautorizado por Iglesias;http://www.elmundo.es/cataluna/2017/11/06/5a003332268e3e58718b45a8.html;06/11/2017;CRISTINA RUBIO PUIG;EL MUNDO
Esquerra abre la puerta a Fachin;http://www.elmundo.es/cataluna/2017/11/06/5a00544fe5fdea754f8b471f.html;06/11/2017;DANIEL G. SASTRE;EL MUNDO
La noche de Santi Vila en la cárcel: "Estaba acojonado";http://www.elmundo.es/cronica/2017/11/06/59ff5514e5fdea315d8b45cf.html;06/11/2017;JAVIER NEGRE;EL MUNDO
La Fiscalía investiga presiones a fiscales destinados en Cataluña;http://www.elmundo.es/comunidad-valenciana/2017/11/06/5a00b722468aeb6d4b8b45f6.html;06/11/2017;JUAN NIETO;EL MUNDO
Por qué tantos ciudadanos han sacado la bandera española;http://www.elmundo.es/espana/2017/11/06/59ff8787268e3e29398b45bc.html;06/11/2017;EMILIA LANDALUCE;EL MUNDO
Renuncian a un premio por la actitud de Felipe VI con Cataluña;http://www.elmundo.es/cataluna/2017/11/06/5a005c64e5fdea49418b4715.html;06/11/2017;ANDRÉS NEF;EL MUNDO
Cimarrones: el ADN reconstruye el viaje a América de los esclavos;http://www.elmundo.es/ciencia-y-salud/ciencia/2017/11/06/59fdca0de2704e8e6f8b462f.html;06/11/2017;César Fortes-Lima;EL MUNDO
La juez rechaza que el acoso machista a Teresa Rodríguez fuera sólo "una broma";http://www.elmundo.es/andalucia/2017/11/06/5a005b96ca4741d3578b45c3.html;06/11/2017;TERESA LÓPEZ PAVÓN;EL MUNDO
Dimite el portavoz sindical de la Policía Municipal por protestar junto a Hogar Social;http://www.elmundo.es/madrid/2017/11/06/5a00b7eae5fdeacc398b459f.html;06/11/2017;LUIS F. DURÁN;EL MUNDO
Charlie Hebdo denuncia más amenazas de muerte tras su última portada sobre el islam;http://www.elmundo.es/internacional/2017/11/06/5a0090c3ca4741ac3e8b45a6.html;06/11/2017;MARÍA D. VALDERRAMA;EL MUNDO
Multa de 7.000 euros a la edil que celebró la muerte de Víctor Barrio;http://www.elmundo.es/comunidad-valenciana/2017/11/06/5a007d48ca474129158b45fe.html;06/11/2017;EUROPA PRESS;EL MUNDO
Trias insiste en que no tiene cuentas bancarias en el extranjero;http://www.elmundo.es/cataluna/2017/11/06/5a005334e5fdeaec588b46f6.html;06/11/2017;EL MUNDO;EL MUNDO
"Bárcenas no se ha llevado ni una peseta de esa contabilidad del PP";http://www.elmundo.es/espana/2017/11/06/5a004d2b468aebd8328b4595.html;06/11/2017;MANUEL MARRACO;EL MUNDO
El TS pide aclarar qué indemnización deben cobrar los interinos;http://www.elmundo.es/economia/2017/11/06/5a008d81ca4741d1778b45f2.html;06/11/2017;ISABEL MUNERA;EL MUNDO
Los okupas más radicales aprovechan la laxitud de Carmena;http://www.elmundo.es/madrid/2017/11/06/5a001c3c468aeb105e8b457b.html;06/11/2017;DANIEL MARTÍN;EL MUNDO
El viaje de Mohamed: el empleado de Coca-Cola que marchó a ocupar el Sáhara español;http://www.elmundo.es/internacional/2017/11/06/5a0055f5e5fdea32768b470e.html;06/11/2017;LUCAS DE LA CAL;EL MUNDO
El acoso sexual a Maureen O'Hara en los años 40;http://www.elmundo.es/loc/2017/11/06/5a00cada22601d29298b45c8.html;06/11/2017;PABLO SCARPELLINI;EL MUNDO
Kevin Spacey ingresa en una clínica de rehabilitación para combatir su adicción al sexo;http://www.elmundo.es/loc/celebrities/2017/11/06/5a00ab69468aebd31d8b4613.html;06/11/2017;CONXA RODRÍGUEZ;EL MUNDO
El actor de 'Veronica Mars' Brad Bufanda se suicida;http://www.elmundo.es/television/2017/11/06/5a008b1b22601dd1118b4583.html;06/11/2017;FÁTIMA ELIDRISSI;EL MUNDO
Cinco lugares para desconectar de todo sin salir de España;http://www.caminosalternativos.elmundo.es/plan-maestro/5-lugares-para-hacer-un-detox-digital;06/11/2017;FÁTIMA ELIDRISSI;EL MUNDO
El dueño de la 'casa de Capa' acusa a Madrid de "abuso de poder";http://www.elmundo.es/madrid/2017/11/06/5a006836ca4741aa7b8b45f4.html;06/11/2017;ISABEL F. LANTIGUA;EL MUNDO
De esnifar pegamento a cruzado contra los abusos en las favelas;http://www.elmundo.es/papel/historias/2017/11/06/59ff5b06e5fdea5c458b45c8.html;06/11/2017;Agnese Marra;EL MUNDO
10.000 euros de recompensa para quien encuentre a Lonchas;http://www.elmundo.es/madrid/2017/11/06/5a0044be22601d11798b4694.html;06/11/2017;DANIEL MARTÍN;EL MUNDO
Una montañista descubre un misterioso falo en los Alpes;http://www.elmundo.es/f5/comparte/2017/11/06/5a004ca9468aeb51168b4589.html;06/11/2017;FCINCO;EL MUNDO
Picar entre horas, sí con cabeza: qué alimentos comer y cuáles evitar;http://www.elmundo.es/vida-sana/bienestar/2017/11/06/59fc5f1c268e3eb11c8b466d.html;06/11/2017;PATRICIA LOZANO;EL MUNDO
21st Century Fox negocia vender el grupo a Disney;http://www.elmundo.es/television/2017/11/06/5a00b6b922601d21438b45a6.html;06/11/2017;EFE;EL MUNDO
Muere otra persona en el incendio de un piso en Barcelona;http://www.elmundo.es/cataluna/2017/11/06/5a00baa2e5fdea1f4a8b45a4.html;06/11/2017;EFE;EL MUNDO
Cataluña y Madrid, las que más aportan a la imagen española;http://www.elmundo.es/espana/2017/11/06/5a00608b468aebee4f8b45b0.html;06/11/2017;FRANCISCO J. GALLARDO;EL MUNDO
Liberado el acusado por la muerte de un bebé en Torroella;http://www.elmundo.es/cataluna/2017/11/06/5a0092c7468aebcd1f8b45f0.html;06/11/2017;EUROPA PRESS;EL MUNDO
DEL 'PROCÉS' CATALÁN Y LOS BALCANES;http://www.elmundo.es/opinion/2017/11/06/59ff34b0e5fdeaec488b45cd.html;06/11/2017;BORJA LASHERAS;EL MUNDO
"Los independentistas usaron fabulaciones y lepra retórica para enloquecer a la gente";http://www.elmundo.es/opinion/2017/11/06/59ff544246163fa23b8b45a6.html;06/11/2017;RAÚL DEL POZO;EL MUNDO
"La independencia no es la meta, sino el camino; no es un objetivo, es un negocio";http://www.elmundo.es/blogs/elmundo/elblogdesantiagogonzalez/2017/11/06/un-bon-negoci.html;06/11/2017;SANTIAGO GONZÁLEZ;EL MUNDO
"Alguna gallina, mientras, se ha hecho catalana y ha anidado en Bruselas";http://www.elmundo.es/opinion/2017/11/06/59ff32d3e5fdea49418b45c9.html;06/11/2017;BERTA GONZÁLEZ DE VEGA;EL MUNDO
La camiseta de España para el Mundial... ¿con la bandera republicana?;http://www.elmundo.es/deportes/futbol/2017/11/06/5a002db3268e3e7c1d8b45eb.html;06/11/2017;EL MUNDO;EL MUNDO
Hamilton evadió impuestos en la compra de su jet;http://www.elmundo.es/deportes/formula-1/2017/11/06/5a00c9cbe5fdea72278b45bb.html;06/11/2017;ALBERTO MUÑOZ;EL MUNDO
El plan oculto del Barcelona;http://www.elmundo.es/deportes/futbol/2017/11/06/59ff5bc1468aeb93218b464f.html;06/11/2017;FRANCISCO CABEZAS;EL MUNDO
El adiós de Pirlo tras dos décadas iluminando el fútbol;http://www.elmundo.es/deportes/futbol/2017/11/06/5a00af1422601d95238b45ba.html;06/11/2017;AGENCIAS;EL MUNDO
Muere Rivilla, célebre defensa del Atlético y campeón de la Eurocopa;http://www.elmundo.es/deportes/futbol/2017/11/06/5a00c78cca47414b638b4601.html;06/11/2017;EL MUNDO;EL MUNDO
Domantas, el hijo de Sabonis que triunfa con acento andaluz;http://www.elmundo.es/deportes/baloncesto/2017/11/06/59ff9120ca47411b738b464a.html;06/11/2017;LUCAS SÁEZ-BRAVO;EL MUNDO
Mundial 2019: Scariolo 'cuenta' con 11 jugadores de Euroliga;http://www.elmundo.es/deportes/baloncesto/2017/11/06/5a009d0b22601d896c8b459d.html;06/11/2017;ANDRÉS ARAGÓN;EL MUNDO
Destituido el jefe del VAR en Alemania, acusado de favorecer al Schalke;http://www.elmundo.es/deportes/futbol/2017/11/06/5a00b0e4268e3eb7178b4593.html;06/11/2017;AGENCIAS;EL MUNDO
La confesión del ingeniero Newey sobre la muerte de Senna;http://www.elmundo.es/deportes/formula-1/2017/11/06/5a002428268e3ed9788b45e8.html;06/11/2017;EL MUNDO;EL MUNDO
Las ventajas de una estrategia de salud digitalizada;http://www.innovacionensalud.elmundo.es/salud-digital/las-ventajas-de-una-estrategia-de-salud-digitalizada;06/11/2017;EL MUNDO;EL MUNDO
Una presentadora de TV siente una araña bajo su vestido;http://videos.elmundo.es/v/0_xdi0vgp8-una-presentadora-de-tv-siente-una-arana-bajo-su-vestido;06/11/2017;EL MUNDO;EL MUNDO
Las carcajadas de este bebé te alegrarán el día;http://videos.elmundo.es/v/0_ksk2j65d-las-carcajadas-de-este-bebe-te-alegraran-el-dia;06/11/2017;EL MUNDO;EL MUNDO
Padre de Familia ya predijo  el escándalo de Kevin Spacey;http://videos.elmundo.es/v/0_bolc76hq-padre-de-familia-ya-predijo-el-escandalo-de-kevin-spacey;06/11/2017;EL MUNDO;EL MUNDO
Un niño se disfraza de guardia y participa en el desfile militar;http://videos.elmundo.es/v/0_thkiakwt-un-nino-se-disfraza-de-guardia-y-participa-en-el-desfile-militar;06/11/2017;EL MUNDO;EL MUNDO
Junqueras pide salir de prisión para participar en la campaña electoral;/politica/2017/11/06/actualidad/1509973362_324810.html;2017-11-06T17:57:00+01:00;Jesús García;EL PAIS
Los exconsejeros presos, pendientes de la actualidad y con Villarejo de compañero;/politica/2017/11/06/actualidad/1509986288_204816.html;2017-11-06T20:34:00+01:00;Óscar López-Fonseca;EL PAIS
La patronal catalana pide al juez que declare ilegal la huelga del miércoles;/economia/2017/11/06/actualidad/1509981744_405542.html;2017-11-06T20:39:00+01:00;Lluís Pellicer;EL PAIS
Los primeros policías desplegados en Cataluña comienzan a regresar a casa;/politica/2017/11/06/actualidad/1509987775_788069.html;2017-11-06T21:03:00+01:00;Patricia Ortega Dolz;EL PAIS
El PP coloca el artículo 155 en el centro de su campaña para los comicios del 21-D;/politica/2017/11/06/actualidad/1509971694_790559.html;2017-11-06T22:25:00+01:00;Juan José Mateo;EL PAIS
Especial | Quién es quién en el procés catalán;//elpais.com/especiales/2017/referendum-independencia-cataluna/quien-es-quien/;2017-11-06T12:24:00+01:00;Juan José Mateo;EL PAIS
Cataluña lidera el “poder blando” de España en el mundo;/politica/2017/11/06/actualidad/1509972380_418347.html;2017-11-06T16:38:00+01:00;Miguel González;EL PAIS
El presidente de Israel: “España es un país unido y el Rey símbolo de esa unidad”;/politica/2017/11/06/actualidad/1509990086_740667.html;2017-11-06T22:20:00+01:00;Javier Casqueiro;EL PAIS
Fachin dimite como líder de Podem;/ccaa/2017/11/06/catalunya/1509963032_234013.html;2017-11-06T20:31:00+01:00;Àngels Piñol;EL PAIS
Una venganza familiar desencadenó la matanza con 26 muertos en la iglesia de Texas;/internacional/2017/11/06/estados_unidos/1509996248_050255.html;2017-11-06T21:16:00+01:00;Pablo de Llano;EL PAIS
Así es el asesino de Texas: un exmilitar de 26 años que se ofrecía como docente;/internacional/2017/11/06/estados_unidos/1509931073_324382.html;2017-11-06T20:50:00+01:00;J. M. AHRENS;EL PAIS
Antifascista, musulmán o humorista: los bulos sobre el autor de la matanza;/elpais/2017/11/06/hechos/1509971220_053452.html;2017-11-06T15:50:00+01:00;Patricia R. Blanco;EL PAIS
“Hoy hemos perdido a nuestra hija de 14 años”;/internacional/2017/11/06/estados_unidos/1509928238_510896.html;2017-11-06T08:59:00+01:00;Amanda Mars;EL PAIS
Cohen, profeta en Montreal;/cultura/2017/11/06/actualidad/1509994662_250014.html;2017-11-06T22:22:00+01:00;Jaime Porras Ferreyra;EL PAIS
Un misterio de siete siglos aún sin resolver;/cultura/2017/10/25/actualidad/1508931587_314301.html;2017-11-05T21:31:00+01:00;Pedro Gorospe;EL PAIS
El bochornoso sorteo de la ATP: mujeres en vez de bolas en un bombo;/elpais/2017/11/06/mujeres/1509981149_204602.html;2017-11-06T17:16:00+01:00;Pedro Gorospe;EL PAIS
Las ‘apps’ con las que te localizan y localizas a alguien en todo momento;/tecnologia/2017/11/02/actualidad/1509614812_984561.html;2017-11-06T17:09:00+01:00;José Ángel Plaza López;EL PAIS
¿Por qué este es el momento más peligroso de la historia de la humanidad?;/elpais/2017/11/06/ciencia/1509924058_409061.html;2017-11-06T10:05:00+01:00;Javier Salas;EL PAIS
Consulta los estrenos de series de los próximos meses;/cultura/2017/11/06/television/1509963834_712040.html;2017-11-06T19:00:00+01:00;Javier Salas;EL PAIS
Las camisetas de grupos de música vuelven a estar de moda;/elpais/2017/11/06/escaparate/1509964662_267264.html;2017-11-06T19:00:00+01:00;Ignacio Gomar;EL PAIS
Otro escándalo para Trump;/elpais/2017/11/06/opinion/1509991153_137531.html;2017-11-06T22:13:00+01:00;Ignacio Gomar;EL PAIS
Una mujer;/elpais/2017/11/06/opinion/1509980317_461447.html;2017-11-06T22:15:00+01:00;Félix de Azúa;EL PAIS
Verosímil;/elpais/2017/11/06/opinion/1509972658_056839.html;2017-11-06T22:15:00+01:00;David Trueba;EL PAIS
¿Nos miran mal fuera?;/elpais/2017/11/06/opinion/1509979349_375023.html;2017-11-06T22:16:00+01:00;Víctor Lapuente;EL PAIS
Forges;/elpais/2017/11/06/opinion/1509982028_120267.html;2017-11-06T22:12:00+01:00;Víctor Lapuente;EL PAIS
Siemens Gamesa despedirá a 6.000 empleados tras perder 135 millones;/economia/2017/11/06/actualidad/1509991329_330683.html;2017-11-06T22:18:00+01:00;Nahiara S. Alonso;EL PAIS
La Sareb vende el crédito de la torre de Benidorm a un fondo;/economia/2017/11/06/actualidad/1509961008_748317.html;2017-11-06T21:49:00+01:00;Íñigo de Barrón;EL PAIS
Las mentiras piadosas y las verdades incómodas sobre las pensiones;/cincodias/2017/11/06/midinero/1509989546_084598.html;2017-11-06T21:14:00+01:00;José Antonio Vega;EL PAIS
Por qué es positivo que tu plantilla esté enfadada (de vez en cuando);/retina/2017/10/31/talento/1509442702_959616.html;2017-11-06T21:01:00+01:00;Jorge G. García;EL PAIS
El gigante chino Alibaba abre una tienda efímera en Madrid;/economia/2017/11/06/actualidad/1509969287_943541.html;2017-11-06T21:52:00+01:00;Nahiara S. Alonso;EL PAIS
Arabia Saudí sube el tono contra Irán en medio de la purga palaciega;/internacional/2017/11/06/actualidad/1509984798_705672.html;2017-11-06T21:45:00+01:00;Ángeles Espinosa;EL PAIS
Cuando ya no basta con que se estanquen las emisiones de CO2;/internacional/2017/11/06/actualidad/1509971449_914153.html;2017-11-06T21:44:00+01:00;Manuel Planelles;EL PAIS
Trump recibe a familiares de los japoneses secuestrados por Corea del Norte;/internacional/2017/11/06/actualidad/1509971414_599152.html;2017-11-06T17:32:00+01:00;Macarena Vidal Liy;EL PAIS
El asesinato de una niña de 12 años en un robo conmociona a Argentina;/internacional/2017/11/06/argentina/1509986859_321422.html;2017-11-06T18:52:00+01:00;Federico Rivas Molina;EL PAIS
El español que democratiza el turismo espacial;https://one.elpais.com/zero2infinity-asi-los-globos-los-haremos-turismo-espacial/;2016-12-16T08:40:00+01:00;Federico Rivas Molina;EL PAIS
El restaurante más tecnológico del mundo;https://one.elpais.com/paco-roncero-sublimotion-los-secretos-del-restaurante-mas-tecnologico-del-mundo/;2016-11-30T08:39:00+01:00;Federico Rivas Molina;EL PAIS
La lucha por el voto de 100.000 incapacitados;/politica/2017/11/06/actualidad/1509982823_271969.html;2017-11-06T21:21:00+01:00;Carmen Pérez-Lanzac;EL PAIS
España deniega a Perú la extradición del cuñado del líder de Sendero Luminoso;/politica/2017/11/06/actualidad/1509993432_772418.html;2017-11-06T21:21:00+01:00;J. J. Gálvez;EL PAIS
Un Puigdemont globalitzat;//cat.elpais.com/cat/2017/11/06/opinion/1509989885_426368.html;2017-02-03T19:17:00+01:00;Valentí Puig;EL PAIS
Los grandes artilleros de la Liga peleados con el gol;/deportes/2017/11/06/actualidad/1509998428_641369.html;2017-11-06T22:01:00+01:00;GORKA PÉREZ;EL PAIS
Cristiano y Benzema, los más desacertados;/deportes/2017/11/06/actualidad/1509981655_240053.html;2017-11-06T22:01:00+01:00;Eleonora Giovio;EL PAIS
España convoca a 11 jugadores de Euroliga en pleno conflicto con la FIBA;/deportes/2017/11/06/actualidad/1509971339_505372.html;2017-11-06T21:56:00+01:00;Faustino Sáez;EL PAIS
Un Girona de récord, el mejor debutante en 23 años;/deportes/2017/11/06/actualidad/1509996023_628202.html;2017-11-06T21:56:00+01:00;Juan I. Irigoyen;EL PAIS
“No creo que la afición del Madrid transmita entusiasmo”;https://as.com/futbol/2017/11/06/primera/1509985991_308625.html;2017-09-05T00:26:00+02:00;Özgür Sancar;EL PAIS
Curtis: “Para cambiar el mundo necesitas desafiar al poder”;/cultura/2017/11/06/actualidad/1509994377_891028.html;2017-11-06T21:36:00+01:00;Aloma Rodríguez;EL PAIS
Cuando Vargas Llosa buscó la novela total en un prostíbulo;/cultura/2017/11/06/actualidad/1509998580_746051.html;2017-11-06T21:31:00+01:00;Jesús Ruiz Mantilla;EL PAIS
El Goncourt premia una novela sobre el ascenso de Hitler;/cultura/2017/11/06/actualidad/1509985897_882161.html;2017-11-06T21:32:00+01:00;Álex Vicente;EL PAIS
Ozzy Osbourne, Judas Priest y Marilyn Manson, en el Download Madrid;/cultura/2017/11/06/actualidad/1509983443_499539.html;2017-11-06T21:32:00+01:00;Álex Vicente;EL PAIS
Boundary Street Estate, el primer barrio de protección oficial;http://www.jotdown.es/2017/11/de-miseria-a-gentrificacion-boundary-street-estate-el-primer-barrio-de-proteccion-oficial/;2017-09-23T12:07:00+02:00;marcos pereda;EL PAIS
‘House of Cards’ mejor sin Kevin Spacey;/cultura/2017/11/06/television/1509962481_915793.html;2017-11-06T21:37:00+01:00;Eneko Ruiz Jiménez;EL PAIS
¿Qué ha pasado esta semana en ‘The Walking Dead’?;/cultura/2017/11/06/television/1509956518_587960.html;2017-11-06T21:37:00+01:00;Natalia Marcos;EL PAIS
‘Gran Hermano’ denuncia un posible abuso sexual;/cultura/2017/11/06/television/1509974161_684377.html;2017-11-06T21:38:00+01:00;Natalia Marcos;EL PAIS
Traducir “wubba lubba dub-dub” tiene premio;/cultura/2017/11/06/television/1509992020_145523.html;2017-11-06T21:38:00+01:00;N. M.;EL PAIS
Johnny Depp, ebrio en el estreno de ‘Asesinato en el Orient Express’;/elpais/2017/11/06/gente/1509970299_631492.html;2017-11-06T21:16:00+01:00;N. M.;EL PAIS
Las zapatillas ‘made in Spain’ que quieren conquistar el mundo;/elpais/2017/10/26/tentaciones/1509011988_017901.html;2017-11-06T10:55:00+01:00;N. M.;EL PAIS
Esta foto de Brad Pitt con 53 años hace que nos preguntemos qué hemos hecho mal;/elpais/2017/11/06/icon/1509977323_491650.html;2017-11-06T17:16:00+01:00;N. M.;EL PAIS
Fotografiado por primera vez en 12 años el novio desaparecido de Olivia Newton-John;/elpais/2017/11/06/gente/1509973627_003962.html;2017-11-06T21:11:00+01:00;N. M.;EL PAIS
¿Cuál es la mejor leche para mi hijo?;/elpais/2017/09/11/buenavida/1505131370_807077.html;2017-11-06T10:54:00+01:00;N. M.;EL PAIS
¿Qué tiene esta autocaravana para que cueste más de un millón de euros?;https://motor.elpais.com/actualidad/earthroamer-xv-hd-caravana-lujo/;2017-09-08T11:11:00+02:00;Mario Herráez;EL PAIS
Cómo descubrir los radares móviles sin detectores ni avisadores;https://motor.elpais.com/conducir/descubrir-radares-moviles-sin-detectores/;2017-10-28T20:01:00+02:00;Sergio Amadoz;EL PAIS
Una mujer pierde las dos piernas por el ataque de los perros de un vecino;/politica/2017/11/06/diario_de_espana/1509981403_075142.html;2017-11-06T21:15:00+01:00;Sergio Amadoz;EL PAIS
Los mozambiqueños persiguen a muerte a ‘los chupasangre’;/internacional/2017/10/30/mundo_global/1509370111_134167.html;2017-11-06T11:23:00+01:00;Javier Martín del Barrio;EL PAIS
Los ocho pasos para impulsar el cambio y que la gente te siga;/elpais/2017/11/02/laboratorio_de_felicidad/1509612421_385279.html;2017-11-06T11:25:00+01:00;Pilar Jericó;EL PAIS
¿Qué libro escrito por una mujer se publicó el año que naciste?;/verne/2017/11/02/articulo/1509635419_859094.html;2017-11-06T09:03:00+01:00;Jaime Rubio Hancock;EL PAIS
El maratón contra el cáncer de un periodista se convierte en un homenaje;/verne/2017/11/06/articulo/1509964317_727759.html;2017-11-06T21:07:00+01:00;Héctor Llanos Martínez;EL PAIS
¿Tiene la camiseta de España para el Mundial dibujada una bandera republicana?;/verne/2017/11/06/articulo/1509971378_622966.html;2017-11-06T22:24:00+01:00;Héctor Llanos Martínez;EL PAIS
El vídeo que ha subido el valor de un coche de segunda mano;/elpais/2017/11/05/videos/1509895757_261438.html;2017-11-06T18:46:00+01:00;Héctor Llanos Martínez;EL PAIS
Fotogalería | Las mejores imágenes de este lunes;/elpais/2017/11/06/album/1509981211_364447.html;2017-11-06T19:05:00+01:00;Héctor Llanos Martínez;EL PAIS
Black Friday 2017: cuándo es y todo lo que necesitas saber;/elpais/2017/11/03/escaparate/1509732498_462446.html;2017-11-06T19:03:00+01:00;EL PAÍS Escaparate;EL PAIS
10 libros para entender la Revolución rusa;/elpais/2017/10/31/escaparate/1509470818_961476.html;2017-11-05T21:56:00+01:00;Roger Sabatés;EL PAIS
EL PAÍS y The Weather Company se alían para ofrecer información meteorológica;/elpais/2017/09/20/actualidad/1505909380_488944.html;2017-09-22T14:27:00+02:00;Roger Sabatés;EL PAIS
‘El mundo en 2050’, un evento sobre el destino del ser humano;/elpais/2017/10/30/ciencia/1509355893_322339.html;2017-11-02T09:56:00+01:00;Roger Sabatés;EL PAIS
Los tambores del pueblo brong llaman a los turistas;/elpais/2017/10/27/planeta_futuro/1509126842_649235.html;2017-11-06T17:00:00+01:00;Roger Sabatés;EL PAIS
El samurái de la City vuelve a reinar;http://elpaissemanal.elpais.com/documentos/antonio-horta-osorio/;2017-10-07T10:57:00+02:00;Roger Sabatés;EL PAIS
Los mejores países para viajar en 2018;/elviajero/2017/11/01/actualidad/1509548813_127052.html;2017-11-03T09:43:00+01:00;Roger Sabatés;EL PAIS
Rineke Dijkstra: “Un ‘selfie’ es una imagen idealizada, un cliché”;/cultura/2017/10/19/babelia/1508412110_560353.html;2017-11-02T14:31:00+01:00;Gloria Crespo MacLennan;EL PAIS
La pantagruélica historia de las Cocinas del Palacio Real;/elcomidista/2017/11/01/articulo/1509568159_123792.html;2017-11-06T11:52:00+01:00;Ana Vega 'Biscayenne';EL PAIS
Las 15 ciudades europeas que nunca deberías visitar en coche;https://motor.elpais.com/conducir/15-ciudades-nunca-deberias-visitar-coche/;2017-11-06T13:15:00+01:00;Ana Vega 'Biscayenne';EL PAIS
¿A ti te ofende? 15 imágenes de famosos en Instagram que desataron la polémica en España;/elpais/2017/10/31/fotorrelato/1509453106_687728.html;2017-11-04T07:59:00+01:00;Ana Vega 'Biscayenne';EL PAIS
Oda a Gucci: así fue la alfombra roja de la Gala LACMA;https://smoda.elpais.com/moda/oda-gucci-asi-fue-la-alfombra-roja-la-gala-lacma/;2017-07-06T09:26:00+02:00;Ana Vega 'Biscayenne';EL PAIS
Cinco consejos del Nobel de Economía 2017 para ahorrar dinero;/elpais/2017/11/03/fotorrelato/1509715887_061693.html;2017-11-06T12:23:00+01:00;Ana Vega 'Biscayenne';EL PAIS
Fuera de la ley: así eran los bajos fondos de España;/elpais/2017/11/05/tentaciones/1509844556_009735.html;2017-11-06T12:38:00+01:00;Ana Vega 'Biscayenne';EL PAIS
Amazon, Fnac y El Corte Inglés se adelantan al Black Friday;https://cincodias.elpais.com/cincodias/2017/11/06/companias/1509978658_616280.html;2017-10-16T22:24:00+02:00;Ana Vega 'Biscayenne';EL PAIS
El corte de Santamaría a un periodista que le preguntó por el "presidente Puigdemont";http://www.huffingtonpost.es/2017/11/06/la-tajante-respuesta-de-saenz-de-santamaria-a-un-periodista-que-le-pregunto-por-el-presidente-puigdemont-expresidente_a_23267870/;2017-06-25T13:17:00+02:00;Ana Vega 'Biscayenne';EL PAIS
Alonso no fichó por Red Bull por la duración del contrato;https://as.com/motor/2017/11/06/formula_1/1509985797_771486.html;2017-01-13T10:04:00+01:00;Ana Vega 'Biscayenne';EL PAIS
Suscripción premium por 1,06€/día;http://suscripciones.elpais.com/oferta/premium?id_externo_promo=pie-oferta1.06;2017-10-24T00:00:00+02:00;Ana Vega 'Biscayenne';EL PAIS
Descubre en Yelmo Cines las obras del National Theatre de Londres;/tematicos/2017/10/31/elpaismas/1509451175_314056.html;2017-11-02T00:00:00+01:00;Ana Vega 'Biscayenne';EL PAIS
